ville,date
Paris,2025-04-07
Lyon,2025-04-07
Nice,2025-04-06
Marseille,2025-04-06
Jouy-le-Moutier,2025-04-09
Jouy-le-Moutier,2025-04-09
Jouy-le-Moutier,2025-04-09
Jouy-le-Moutier,2025-04-09
Jouy-le-Moutier,2025-04-09
Jouy-le-Moutier,2025-04-09
Jouy-le-Moutier,2025-04-09
Jouy-le-Moutier,2025-04-09
Jouy-le-Moutier,2025-04-09
Jouy-le-Moutier,2025-04-09
Jouy-le-Moutier,2025-04-09
Jouy-le-Moutier,2025-04-09
Jouy-le-Moutier,2025-04-09
Jouy-le-Moutier,2025-04-09
Jouy-le-Moutier,2025-04-09
Jouy-le-Moutier,2025-04-09
Jouy-le-Moutier,2025-04-09
Jouy-le-Moutier,2025-04-09
Jouy-le-Moutier,2025-04-09
Jouy-le-Moutier,2025-04-09
Jouy-le-Moutier,2025-04-09
Jouy-le-Moutier,2025-04-09
,2025-04-09
Jouy-le-Moutier,2025-04-09
Jouy-le-Moutier,2025-04-09
Jouy-le-Moutier,2025-04-09
Jouy-le-Moutier,2025-04-09
Jouy-le-Moutier,2025-04-09
Jouy-le-Moutier,2025-04-09
Jouy-le-Moutier,2025-04-09
Jouy-le-Moutier,2025-04-09
Jouy-le-Moutier,2025-04-09
Paris,2025-04-09
Paris,2025-04-09
Paris,2025-04-09
Paris,2025-04-09
Paris,2025-04-09
Paris,2025-04-09
Paris,2025-04-09
Paris,2025-04-09
Paris,2025-04-09
Paris,2025-04-09
Paris,2025-04-09
Paris,2025-04-09
Pontoise,2025-04-10
Paris,2025-04-12
Paris,2025-04-12
Paris,2025-04-12
Paris,2025-04-12
Paris,2025-04-12
Paris,2025-04-12
Paris,2025-04-12
Paris,2025-04-12
Paris,2025-04-12
Paris,2025-04-12
Paris,2025-04-12
Paris,2025-04-12
Paris,2025-04-12
Paris,2025-04-12
Paris,2025-04-12
Paris,2025-04-12
Paris,2025-04-12
Paris,2025-04-12
Paris,2025-04-12
Paris,2025-04-12
Paris,2025-04-12
Paris,2025-04-12
Paris,2025-04-12
Paris,2025-04-12
Paris,2025-04-12
Paris,2025-04-13
Paris,2025-04-13
Paris,2025-04-13
Paris,2025-04-13
Paris,2025-04-13
Paris,2025-04-13
Paris,2025-04-13
Paris,2025-04-13
Paris,2025-04-13
Paris,2025-04-13
Paris,2025-04-13
Paris,2025-04-13
Paris,2025-04-13
Paris,2025-04-13
Paris,2025-04-13
Paris,2025-04-13
Paris,2025-04-13
Paris,2025-04-13
Lyon,2025-04-14
Lyon,2025-04-14
Lyon,2025-04-14
Lyon,2025-04-14
Lyon,2025-04-14
Ashburn,2025-04-14
Ashburn,2025-04-14
,2025-04-14
Lyon,2025-04-14
Lyon,2025-04-14
Ashburn,2025-04-14
Ashburn,2025-04-14
Lyon,2025-04-14
Lyon,2025-04-14
Lyon,2025-04-14
Lyon,2025-04-14
Lyon,2025-04-14
Lyon,2025-04-15
Lyon,2025-04-15
Lyon,2025-04-15
Lyon,2025-04-15
Algiers,2025-04-15
Algiers,2025-04-15
Lyon,2025-04-15
Lyon,2025-04-15
Cergy,2025-04-15
Cergy,2025-04-15
Cergy,2025-04-15
Marseille,2025-04-15
Array,2025-04-15
Marseille,2025-04-15
Marseille,2025-04-15
Marseille,2025-04-15
Marseille,2025-04-15
Marseille,2025-04-15
Marseille,2025-04-15
Marseille,2025-04-15
Marseille,2025-04-15
Marseille,2025-04-15
Marseille,2025-04-15
Marseille,2025-04-15
Marseille,2025-04-15
Marseille,2025-04-15
Marseille,2025-04-15
Marseille,2025-04-15
Marseille,2025-04-15
Marseille,2025-04-15
Marseille,2025-04-15
Marseille,2025-04-15
Marseille,2025-04-15
Marseille,2025-04-15
Marseille,2025-04-15
Marseille,2025-04-15
Marseille,2025-04-15
Marseille,2025-04-15
Marseille,2025-04-15
Marseille,2025-04-15
Marseille,2025-04-15
Marseille,2025-04-15
Marseille,2025-04-15
Marseille,2025-04-15
Marseille,2025-04-15
Marseille,2025-04-15
Marseille,2025-04-15
Marseille,2025-04-15
Marseille,2025-04-15
Marseille,2025-04-15
Marseille,2025-04-15
Marseille,2025-04-15
Marseille,2025-04-15
Marseille,2025-04-15
Marseille,2025-04-15
Marseille,2025-04-15
Marseille,2025-04-15
Marseille,2025-04-15
Marseille,2025-04-15
Marseille,2025-04-15
Marseille,2025-04-15
Marseille,2025-04-15
Clonee,2025-04-15
Marseille,2025-04-15
Versailles,2025-04-15
Versailles,2025-04-15
Versailles,2025-04-15
Versailles,2025-04-15
Versailles,2025-04-15
Marseille,2025-04-15
Marseille,2025-04-15
Madrid,2025-04-15
Madrid,2025-04-15
Paris,2025-04-15
Paris,2025-04-15
Paris,2025-04-15
Paris,2025-04-15
Lyon,2025-04-15
Norwich,2025-04-15
Paris,2025-04-15
Marseille,2025-04-15
Marseille,2025-04-15
Marseille,2025-04-15
Marseille,2025-04-15
Marseille,2025-04-15
Marseille,2025-04-15
Marseille,2025-04-15
Marseille,2025-04-15
Marseille,2025-04-15
Marseille,2025-04-15
Marseille,2025-04-15
Marseille,2025-04-15
Marseille,2025-04-15
Marseille,2025-04-15
Marseille,2025-04-15
Marseille,2025-04-15
Marseille,2025-04-15
Marseille,2025-04-15
Marseille,2025-04-15
Marseille,2025-04-15
Marseille,2025-04-15
Marseille,2025-04-15
Marseille,2025-04-15
Norwich,2025-04-15
Norwich,2025-04-15
Norwich,2025-04-15
Norwich,2025-04-15
Norwich,2025-04-15
Marseille,2025-04-15
Marseille,2025-04-15
Marseille,2025-04-15
Marseille,2025-04-15
Marseille,2025-04-15
Marseille,2025-04-15
Marseille,2025-04-16
Marseille,2025-04-16
Marseille,2025-04-16
Marseille,2025-04-16
Marseille,2025-04-16
Marseille,2025-04-16
Ashburn,2025-04-16
Ashburn,2025-04-16
Ashburn,2025-04-16
Ashburn,2025-04-16
Ashburn,2025-04-16
Ashburn,2025-04-16
Marseille,2025-04-16
Marseille,2025-04-16
Marseille,2025-04-16
Marseille,2025-04-16
Marseille,2025-04-16
Marseille,2025-04-16
Marseille,2025-04-16
Marseille,2025-04-16
Marseille,2025-04-16
Marseille,2025-04-16
Marseille,2025-04-16
Marseille,2025-04-16
Marseille,2025-04-16
Marseille,2025-04-16
Marseille,2025-04-16
Marseille,2025-04-16
Marseille,2025-04-16
Marseille,2025-04-16
Marseille,2025-04-16
Marseille,2025-04-16
Columbus,2025-04-16
Columbus,2025-04-16
Sainte-Foy-lès-Lyon,2025-04-16
Sainte-Foy-lès-Lyon,2025-04-16
Marseille,2025-04-16
Marseille,2025-04-16
Marseille,2025-04-16
Marseille,2025-04-16
Marseille,2025-04-16
Marseille,2025-04-16
Marseille,2025-04-16
Marseille,2025-04-16
Marseille,2025-04-16
Marseille,2025-04-16
Marseille,2025-04-16
Marseille,2025-04-16
Marseille,2025-04-16
Marseille,2025-04-16
Marseille,2025-04-16
Marseille,2025-04-16
Marseille,2025-04-16
Marseille,2025-04-16
Marseille,2025-04-16
Marseille,2025-04-16
Marseille,2025-04-16
Marseille,2025-04-16
Marseille,2025-04-16
Marseille,2025-04-16
Marseille,2025-04-16
Marseille,2025-04-16
Marseille,2025-04-16
Marseille,2025-04-16
Marseille,2025-04-16
Marseille,2025-04-16
Marseille,2025-04-16
Marseille,2025-04-16
Marseille,2025-04-16
Marseille,2025-04-16
Marseille,2025-04-16
Marseille,2025-04-16
Marseille,2025-04-16
Marseille,2025-04-16
Marseille,2025-04-16
Marseille,2025-04-16
Marseille,2025-04-16
Marseille,2025-04-16
Marseille,2025-04-16
Marseille,2025-04-16
Marseille,2025-04-16
Marseille,2025-04-16
Marseille,2025-04-16
Marseille,2025-04-16
Marseille,2025-04-16
’Aïn Benian,2025-04-16
San Antonio,2025-04-16
Marseille,2025-04-16
Ashburn,2025-04-16
Marseille,2025-04-16
Marseille,2025-04-16
Marseille,2025-04-16
Marseille,2025-04-16
Marseille,2025-04-16
Marseille,2025-04-16
Marseille,2025-04-16
Marseille,2025-04-16
Marseille,2025-04-16
Marseille,2025-04-16
Marseille,2025-04-16
Marseille,2025-04-16
Marseille,2025-04-16
Marseille,2025-04-16
Marseille,2025-04-16
Marseille,2025-04-16
Marseille,2025-04-16
Marseille,2025-04-16
Marseille,2025-04-16
Marseille,2025-04-16
Marseille,2025-04-16
Marseille,2025-04-16
Marseille,2025-04-16
Columbus,2025-04-16
Marseille,2025-04-16
Marseille,2025-04-16
Columbus,2025-04-16
Columbus,2025-04-16
Marseille,2025-04-16
Columbus,2025-04-16
Columbus,2025-04-16
Marseille,2025-04-16
Columbus,2025-04-16
Marseille,2025-04-16
Marseille,2025-04-16
Marseille,2025-04-16
Columbus,2025-04-16
Marseille,2025-04-16
Marseille,2025-04-16
Marseille,2025-04-16
Marseille,2025-04-16
Columbus,2025-04-16
Columbus,2025-04-16
Marseille,2025-04-16
Marseille,2025-04-16
Marseille,2025-04-16
Marseille,2025-04-16
Columbus,2025-04-16
Marseille,2025-04-16
Marseille,2025-04-16
Marseille,2025-04-16
Marseille,2025-04-16
Marseille,2025-04-16
Marseille,2025-04-16
Columbus,2025-04-16
Marseille,2025-04-16
Marseille,2025-04-16
Columbus,2025-04-16
Marseille,2025-04-16
Marseille,2025-04-16
Marseille,2025-04-16
Columbus,2025-04-16
Columbus,2025-04-16
Marseille,2025-04-16
Marseille,2025-04-16
Marseille,2025-04-16
Marseille,2025-04-16
Marseille,2025-04-16
Marseille,2025-04-16
Columbus,2025-04-16
Marseille,2025-04-16
’Aïn Benian,2025-04-17
’Aïn Benian,2025-04-17
Algiers,2025-04-17
Algiers,2025-04-17
’Aïn Benian,2025-04-17
Algiers,2025-04-17
’Aïn Benian,2025-04-17
’Aïn Benian,2025-04-17
’Aïn Benian,2025-04-17
Algiers,2025-04-17
Algiers,2025-04-17
’Aïn Benian,2025-04-17
Algiers,2025-04-17
’Aïn Benian,2025-04-17
’Aïn Benian,2025-04-17
Algiers,2025-04-17
’Aïn Benian,2025-04-17
Lyon,2025-04-17
Lyon,2025-04-17
Lyon,2025-04-17
Lyon,2025-04-17
Lyon,2025-04-17
Lyon,2025-04-17
Columbus,2025-04-17
Épinay-sur-Seine,2025-04-17
Lyon,2025-04-17
Montpellier,2025-04-17
Paris,2025-04-17
Paris,2025-04-17
Paris,2025-04-17
Épinay-sur-Seine,2025-04-17
Épinay-sur-Seine,2025-04-17
Saint-Victoret,2025-04-17
Algiers,2025-04-17
’Aïn Benian,2025-04-17
’Aïn Benian,2025-04-17
Marseille,2025-04-17
Marseille,2025-04-17
Marseille,2025-04-17
’Aïn Benian,2025-04-18
Marseille,2025-04-18
Marseille,2025-04-18
Marseille,2025-04-18
Marseille,2025-04-18
Marseille,2025-04-18
Marseille,2025-04-18
Marseille,2025-04-18
Marseille,2025-04-18
Marseille,2025-04-18
Antwerpen,2025-04-18
Antwerpen,2025-04-18
Delfzijl,2025-04-18
Antwerpen,2025-04-18
Delfzijl,2025-04-18
Antwerpen,2025-04-18
Marne La Vallée,2025-04-18
Marne La Vallée,2025-04-18
Marne La Vallée,2025-04-18
Marseille,2025-04-18
Antwerpen,2025-04-18
Antwerpen,2025-04-18
Antwerpen,2025-04-18
Kouvola,2025-04-18
Antwerpen,2025-04-18
Kouvola,2025-04-18
Antwerpen,2025-04-18
Antwerpen,2025-04-18
Antwerpen,2025-04-18
Kouvola,2025-04-18
Antwerpen,2025-04-18
Kouvola,2025-04-18
Antwerpen,2025-04-18
Antwerpen,2025-04-18
Antwerpen,2025-04-18
Antwerpen,2025-04-18
Antwerpen,2025-04-18
Antwerpen,2025-04-18
Marseille,2025-04-18
Marseille,2025-04-18
Antwerpen,2025-04-18
Antwerpen,2025-04-18
Antwerpen,2025-04-18
Antwerpen,2025-04-18
Antwerpen,2025-04-18
Antwerpen,2025-04-18
Delfzijl,2025-04-18
Delfzijl,2025-04-18
Delfzijl,2025-04-18
Delfzijl,2025-04-18
Delfzijl,2025-04-18
Delfzijl,2025-04-18
Marseille,2025-04-18
Delfzijl,2025-04-18
Delfzijl,2025-04-18
Kouvola,2025-04-18
Kouvola,2025-04-18
Kouvola,2025-04-18
Kouvola,2025-04-18
Marseille,2025-04-18
Marseille,2025-04-18
Marseille,2025-04-18
Marseille,2025-04-18
Algiers,2025-04-18
Algiers,2025-04-18
Algiers,2025-04-18
Algiers,2025-04-18
Marseille,2025-04-18
Algiers,2025-04-18
Algiers,2025-04-18
Algiers,2025-04-18
Algiers,2025-04-18
Algiers,2025-04-18
Algiers,2025-04-18
Algiers,2025-04-18
Algiers,2025-04-18
Algiers,2025-04-18
Algiers,2025-04-18
Algiers,2025-04-18
Algiers,2025-04-18
Algiers,2025-04-18
Algiers,2025-04-18
Algiers,2025-04-18
Algiers,2025-04-18
Algiers,2025-04-18
Algiers,2025-04-18
Algiers,2025-04-18
Algiers,2025-04-18
Algiers,2025-04-18
Algiers,2025-04-18
Algiers,2025-04-18
Algiers,2025-04-18
Algiers,2025-04-18
Algiers,2025-04-18
Algiers,2025-04-18
Algiers,2025-04-18
Algiers,2025-04-18
Algiers,2025-04-18
Algiers,2025-04-18
Algiers,2025-04-18
Algiers,2025-04-18
Algiers,2025-04-18
’Aïn Benian,2025-04-18
Toulon,2025-04-18
Toulon,2025-04-18
Toulon,2025-04-18
Toulon,2025-04-18
Marseille,2025-04-18
’Aïn Benian,2025-04-18
’Aïn Benian,2025-04-18
Marseille,2025-04-18
Marseille,2025-04-18
Marseille,2025-04-18
’Aïn Benian,2025-04-18
’Aïn Benian,2025-04-18
Marseille,2025-04-18
’Aïn Benian,2025-04-18
’Aïn Benian,2025-04-18
’Aïn Benian,2025-04-18
’Aïn Benian,2025-04-18
Paris,2025-04-18
’Aïn Benian,2025-04-18
’Aïn Benian,2025-04-18
’Aïn Benian,2025-04-18
’Aïn Benian,2025-04-18
’Aïn Benian,2025-04-18
’Aïn Benian,2025-04-18
’Aïn Benian,2025-04-18
’Aïn Benian,2025-04-18
’Aïn Benian,2025-04-18
’Aïn Benian,2025-04-19
’Aïn Benian,2025-04-19
’Aïn Benian,2025-04-19
’Aïn Benian,2025-04-19
’Aïn Benian,2025-04-19
’Aïn Benian,2025-04-19
’Aïn Benian,2025-04-19
’Aïn Benian,2025-04-19
’Aïn Benian,2025-04-19
’Aïn Benian,2025-04-19
’Aïn Benian,2025-04-19
’Aïn Benian,2025-04-19
’Aïn Benian,2025-04-19
’Aïn Benian,2025-04-19
Paris,2025-04-19
Lyon,2025-04-19
Lyon,2025-04-19
Lyon,2025-04-19
Lyon,2025-04-19
Lyon,2025-04-19
Lyon,2025-04-19
Lyon,2025-04-19
Lyon,2025-04-19
Lyon,2025-04-19
Lyon,2025-04-19
’Aïn Benian,2025-04-19
Lyon,2025-04-19
Lyon,2025-04-19
’Aïn Benian,2025-04-19
